<?xml version="1.0" encoding="UTF-8"?>
<jcr:root xmlns:sling="http://sling.apache.org/jcr/sling/1.0" xmlns:cq="http://www.day.com/jcr/cq/1.0" xmlns:jcr="http://www.jcp.org/jcr/1.0" xmlns:nt="http://www.jcp.org/jcr/nt/1.0"
    jcr:primaryType="cq:Page">
    <jcr:content
        cq:lastModified="{Date}2018-02-09T12:16:06.271-05:00"
        cq:lastModifiedBy="admin"
        cq:template="/conf/l725/settings/wcm/templates/home-page-template"
        jcr:primaryType="cq:PageContent"
        jcr:title="Home"
        sling:resourceType="l725/components/structure/page">
        <root jcr:primaryType="nt:unstructured">
            <responsivegrid
                jcr:lastModified="{Date}2018-02-02T13:40:46.609-05:00"
                jcr:lastModifiedBy="admin"
                jcr:primaryType="nt:unstructured"
                sling:resourceType="wcm/foundation/components/responsivegrid"/>
            <responsivegrid_118059586
                cq:styleIds="[1517596684229]"
                jcr:lastModified="{Date}2018-02-02T13:39:52.967-05:00"
                jcr:lastModifiedBy="admin"
                jcr:primaryType="nt:unstructured"
                sling:resourceType="wcm/foundation/components/responsivegrid">
                <title
                    jcr:created="{Date}2018-01-19T17:26:29.520-05:00"
                    jcr:createdBy="admin"
                    jcr:lastModified="{Date}2018-02-09T12:14:54.515-05:00"
                    jcr:lastModifiedBy="admin"
                    jcr:primaryType="nt:unstructured"
                    jcr:title="My Portfolio"
                    sling:resourceType="l725/components/content/title"
                    type="h2">
                    <cq:responsive jcr:primaryType="nt:unstructured">
                        <tablet
                            jcr:primaryType="nt:unstructured"
                            width="12"/>
                    </cq:responsive>
                </title>
                <teaser_1482800850_co_1399071929
                    cq:styleIds="[1517432682950]"
                    jcr:created="{Date}2018-01-19T17:16:05.384-05:00"
                    jcr:createdBy="admin"
                    jcr:description="Nisl amet dolor sit ipsum veroeros sed blandit consequat veroeros et magna tempus."
                    jcr:lastModified="{Date}2018-02-05T10:13:53.731-05:00"
                    jcr:lastModifiedBy="admin"
                    jcr:primaryType="nt:unstructured"
                    jcr:title="Ipsum consequat"
                    sling:resourceType="l725/components/content/teaser"
                    fileReference="/content/dam/l725/nordwood-themes-179243.jpg"
                    linkText="Find out more"
                    linkURL="/content/l725/dopetrope">
                    <cq:responsive jcr:primaryType="nt:unstructured">
                        <default
                            jcr:primaryType="nt:unstructured"
                            width="4"/>
                        <phone
                            jcr:primaryType="nt:unstructured"
                            width="12"/>
                    </cq:responsive>
                </teaser_1482800850_co_1399071929>
                <title_421398264
                    cq:styleIds="[1516983155397]"
                    jcr:created="{Date}2018-01-19T17:28:29.690-05:00"
                    jcr:createdBy="admin"
                    jcr:lastModified="{Date}2018-01-26T12:11:10.831-05:00"
                    jcr:lastModifiedBy="admin"
                    jcr:primaryType="nt:unstructured"
                    jcr:title="The Blog"
                    sling:resourceType="l725/components/content/title"
                    type="h2"/>
                <teaser_1482800850_co_1679154171
                    cq:styleIds="[1517597697408]"
                    jcr:created="{Date}2018-01-19T17:16:05.384-05:00"
                    jcr:createdBy="admin"
                    jcr:description="Lorem ipsum dolor sit amet sit veroeros sed et blandit consequat sed veroeros lorem et blandit adipiscing feugiat phasellus tempus hendrerit, tortor vitae mattis tempor, sapien sem feugiat sapien, id suscipit magna felis nec elit. Class aptent taciti sociosqu ad litora torquent per conubia nostra, per inceptos lorem ipsum dolor sit amet."
                    jcr:lastModified="{Date}2018-02-05T10:35:04.697-05:00"
                    jcr:lastModifiedBy="admin"
                    jcr:primaryType="nt:unstructured"
                    jcr:title="Ipsum consequat"
                    sling:resourceType="l725/components/content/teaser"
                    fileReference="/content/dam/l725/alex-holyoake-157978.jpg"
                    linkText="Continue Reading"
                    linkURL="/content/l725/dopetrope/posts/post-5">
                    <cq:responsive jcr:primaryType="nt:unstructured">
                        <default
                            jcr:primaryType="nt:unstructured"
                            width="6"/>
                        <phone
                            jcr:primaryType="nt:unstructured"
                            width="12"/>
                    </cq:responsive>
                </teaser_1482800850_co_1679154171>
            </responsivegrid_118059586>
        </root>
    </jcr:content>
    <sections/>
    <portfolio/>
    <posts/>
    <links/>
</jcr:root>
